Input Size,fit_ets,fit_ets (numba)
100,0.0018744468688964844,1.6927719116210938e-05
1000,0.01926898956298828,0.00012350082397460938
10000,0.1783435344696045,0.0012180805206298828
100000,1.80985689163208,0.011986494064331055
1000000,17.998798847198486,0.12137866020202637
