folds,0
ACSF1,0.14354291066619834
Adiac,0.26685546610859334
ArrowHead,0.40470405287199923
