folds,0
ACSF1,0.8262754409821411
Adiac,2.144181400003993
ArrowHead,0.43888046314400536
