folds,0
ACSF1,0.15151515151515152
Adiac,0.010282776349614395
ArrowHead,0.05714285714285714
