folds,0
ACSF1,0.2774403546866374
Adiac,0.4428825072795552
ArrowHead,0.4302064264352531
