folds,0
ACSF1,0.4192251837308139
Adiac,0.6282119421422171
ArrowHead,0.46845721997968687
