folds,0
ACSF1,0.7258297258297258
Adiac,0.9510905573370789
ArrowHead,0.7058823529411765
