folds,0
ACSF1,0.7280808080808081
Adiac,0.9510645310131172
ArrowHead,0.6968253968253968
