folds,0
ACSF1,0.15
Adiac,0.010256410256410256
ArrowHead,0.05555555555555555
