folds,0
ACSF1,0.14761082325849165
Adiac,0.26730437319224465
ArrowHead,0.38933041015803416
