folds,0
ACSF1,0.8309679086716271
Adiac,2.1444328661256455
ArrowHead,0.4322169479598048
