folds,0
ACSF1,0.42167060193431893
Adiac,0.6284012770795142
ArrowHead,0.46302448423404174
