folds,0
ACSF1,0.28235751864245273
Adiac,0.443757960468462
ArrowHead,0.4254058481502334
